posture,folder,pre_total_eva,final_total_eva,delta_total_eva,pre_total_rwa,final_total_rwa,delta_total_rwa,final_capital_release,final_action_keep,final_action_sell,final_action_restruct,override_count_total,override_count_guardrail,override_count_macro_prudential
prudencial,coordinated_inference_infer_ci0222_20260222_134612_prudencial,-711958584.6386319,748631941.6772287,1460590526.3158607,6106588854.0,3404802051.737061,-2701786802.262939,76827915.25500001,445,55,0,18,18,0
balanceado,coordinated_inference_infer_ci0222_20260222_135149_balanceado,-711958584.6386319,725865393.9086113,1437823978.547243,6106588854.0,3392921675.0801964,-2713667178.9198036,411429722.8133551,88,168,244,0,0,0
desinversion,coordinated_inference_infer_ci0222_20260222_135245_desinversion,-711958584.6386319,48541.44725008281,712007126.0858821,6106588854.0,508421.20410224644,-6106080432.7958975,515266481.07503337,87,408,5,4,4,0
