method,final_total_eva,final_total_rwa,final_capital_release,sell_count,restruct_count,keep_count,override_count_total,override_guardrail,override_macro,violations
RL_BALANCEADO,725865393.9086113,3392921675.0801964,411429722.8133551,168,244,88,0,0,0,0
RL_DESINVERSION,48541.44725008281,508421.20410224644,515266481.07503337,408,5,87,4,4,0,0
RL_PRUDENCIAL,748631941.6772287,3404802051.737061,76827915.25500001,55,0,445,18,18,0,0
Baseline_PRUDENCIAL,-725814451.5873195,6419178328.0,0.0,0,0,500,0,0,0,0
Baseline_DESINVERSION,-213417757.8685938,5702460317.0,57337440.88000001,68,0,432,0,0,0,0
