postura,EVA_post_total,EVA_delta_total,RWA_post_total,capital_release_total
PRUDENCIAL,748631941.6772287,0,3404802051.737061,115861463.23500001
BALANCEADO,725865393.9086113,0,3392921675.0801964,388980482.8987447
DESINVERSION,48541.44725008281,0,508421.20410224644,153917920.22250003
