{
  "metadata": {
    "timestamp": "20260220_151508",
    "posture": "desinversion",
    "tag": "pc9_final_postfix_mild",
    "n_loans": 200
  },
  "pre_state": {
    "n_loans": 200,
    "total_eva": -261505995.04628944,
    "total_rwa": 2238053453.5,
    "total_ead": 1493990320.0,
    "total_capital_release": 234937071.3694687,
    "action_counts": {
      "VENDER": 194,
      "REESTRUCTURAR": 3,
      "MANTENER": 3
    },
    "hhi_concentration": 0.21299999999999997,
    "_meta": {
      "cols_used": {
        "EVA": "EVA_pre",
        "RWA": "RWA_pre",
        "EAD": "EAD",
        "Action": "Accion_final"
      }
    }
  },
  "micro_proposal": {
    "n_loans": 200,
    "total_eva": 3695.746114247111,
    "total_rwa": 211909.69553665706,
    "total_ead": 1493990320.0,
    "total_capital_release": 234937071.3694687,
    "action_counts": {
      "VENDER": 194,
      "REESTRUCTURAR": 3,
      "MANTENER": 3
    },
    "hhi_concentration": 0.21299999999999997,
    "_meta": {
      "cols_used": {
        "EVA": "EVA_post",
        "RWA": "RWA_post",
        "EAD": "EAD",
        "Action": "Accion"
      }
    }
  },
  "final_state": {
    "n_loans": 200,
    "total_eva": 3695.746114247111,
    "total_rwa": 211909.69553665706,
    "total_ead": 1493990320.0,
    "total_capital_release": 197518475.95873234,
    "action_counts": {
      "VENDER": 138,
      "MANTENER": 58,
      "REESTRUCTURAR": 4
    },
    "hhi_concentration": 0.21299999999999997,
    "_meta": {
      "cols_used": {
        "EVA": "EVA_post",
        "RWA": "RWA_post",
        "EAD": "EAD",
        "Action": "Accion_final"
      }
    }
  },
  "delta_impact": {
    "total_eva": 261509690.7924037,
    "total_rwa": -2237841543.8044634,
    "capital_release": 197518475.95873234
  }
}