{
  "metadata": {
    "timestamp": "20260220_134746",
    "posture": "desinversion",
    "tag": "pc9_verification_severe",
    "n_loans": 200
  },
  "pre_state": {
    "n_loans": 200,
    "total_eva": -261505995.04628944,
    "total_rwa": 2238053453.5,
    "total_ead": 1493990320.0,
    "total_capital_release": 234936343.27354681,
    "action_counts": {
      "VENDER": 194,
      "REESTRUCTURAR": 3,
      "MANTENER": 3
    },
    "hhi_concentration": 0.21299999999999997,
    "_meta": {
      "cols_used": {
        "EVA": "EVA_pre",
        "RWA": "RWA_pre",
        "EAD": "EAD",
        "Action": "Accion_final"
      }
    }
  },
  "micro_proposal": {
    "n_loans": 200,
    "total_eva": 2308.8967386577788,
    "total_rwa": 218843.94241165707,
    "total_ead": 1493990320.0,
    "total_capital_release": 234936343.27354681,
    "action_counts": {
      "VENDER": 194,
      "REESTRUCTURAR": 3,
      "MANTENER": 3
    },
    "hhi_concentration": 0.21299999999999997,
    "_meta": {
      "cols_used": {
        "EVA": "EVA_post",
        "RWA": "RWA_post",
        "EAD": "EAD",
        "Action": "Accion"
      }
    }
  },
  "final_state": {
    "n_loans": 200,
    "total_eva": 2308.8967386577788,
    "total_rwa": 218843.94241165707,
    "total_ead": 1493990320.0,
    "total_capital_release": 134373205.8882011,
    "action_counts": {
      "MANTENER": 111,
      "VENDER": 84,
      "REESTRUCTURAR": 5
    },
    "hhi_concentration": 0.21299999999999997,
    "_meta": {
      "cols_used": {
        "EVA": "EVA_post",
        "RWA": "RWA_post",
        "EAD": "EAD",
        "Action": "Accion_final"
      }
    }
  },
  "delta_impact": {
    "total_eva": 261508303.9430281,
    "total_rwa": -2237834609.5575886,
    "capital_release": 134373205.8882011
  }
}